{
  "model_name": "microsoft/phi-3-mini-4k-instruct",
  "data_path": "corpus/train_chatml_distill_train.jsonl",
  "eval_data_path": "corpus/train_chatml_distill_val.jsonl",
  "line_count_train": 384,
  "line_count_eval": 48,
  "timing": {
    "dataset_preflight_seconds": 0.0006711483001708984,
    "model_load_seconds": 8.48266887664795,
    "dataset_build_seconds": 0.19031906127929688,
    "tokenize_seconds": 0.1750929355621338,
    "trainer_init_seconds": 0.022109270095825195,
    "train_seconds": 8574.872297048569,
    "save_seconds": 0.41555094718933105,
    "session_total_seconds": 8588.221533298492
  }
}